                  epoch,         train/box_loss,         train/cls_loss,         train/dfl_loss,   metrics/precision(B),      metrics/recall(B),       metrics/mAP50(B),    metrics/mAP50-95(B),           val/box_loss,           val/cls_loss,           val/dfl_loss,                 lr/pg0,                 lr/pg1,                 lr/pg2
                      0,                 1.0956,                 1.3647,                 1.2022,                0.65829,                0.53205,                0.61518,                0.45674,                 1.0813,                 1.1282,                 1.1243,               8.33e-06,               8.33e-06,               8.33e-06
                      1,                 1.2148,                  1.438,                 1.2673,                0.68905,                0.53827,                0.63216,                0.46755,                 1.0751,                 1.0879,                 1.1208,             1.7673e-05,             1.7673e-05,             1.7673e-05
                      2,                 1.1856,                 1.3195,                 1.2364,                0.68341,                0.55571,                0.64243,                0.47685,                 1.0675,                 1.0639,                 1.1173,             2.6828e-05,             2.6828e-05,             2.6828e-05
                      3,                 1.1411,                 1.2963,                 1.2361,                0.70134,                0.58567,                0.66495,                0.49252,                 1.0552,                 1.0375,                 1.1092,             3.5794e-05,             3.5794e-05,             3.5794e-05
